Date,PM10,PM2.5,AQI,City
01-08-2022,,,Bengaluru,
02-08-2022,,,Bengaluru,
03-08-2022,,,Bengaluru,
04-08-2022,15.24210526,10.64736842,Bengaluru,
05-08-2022,6.1375,4.295833333,Bengaluru,28.78947368
06-08-2022,7.133333333,4.9875,Bengaluru,18.75
07-08-2022,7.783333333,5.420833333,Bengaluru,21.45833333
08-08-2022,5.720833333,3.945833333,Bengaluru,22.25
09-08-2022,6.8875,4.504166667,Bengaluru,21.16666667
10-08-2022,8.529166667,5.4,Bengaluru,21.25
11-08-2022,7.808333333,5.1,Bengaluru,23.125
12-08-2022,8.295833333,5.579166667,Bengaluru,20.79166667
13-08-2022,10.425,6.879166667,Bengaluru,26.95833333
14-08-2022,14.45,9.4875,Bengaluru,32.41666667
15-08-2022,17.5,11.3375,Bengaluru,42.54166667
16-08-2022,27.96666667,17.7,Bengaluru,56.66666667
17-08-2022,36.60416667,23.82083333,Bengaluru,72.79166667
18-08-2022,23.24583333,13.8125,Bengaluru,60.33333333
19-08-2022,18.69583333,11.75833333,Bengaluru,50.95833333
20-08-2022,15.27916667,9.570833333,Bengaluru,46.04166667
21-08-2022,10.78333333,7.3375,Bengaluru,35.08333333
22-08-2022,9.583333333,6.5,Bengaluru,29.875
23-08-2022,10.0375,6.816666667,Bengaluru,26.16666667
24-08-2022,13.26666667,8.8875,Bengaluru,31.625
25-08-2022,13.47083333,8.875,Bengaluru,37.66666667
26-08-2022,20.87083333,13.67083333,Bengaluru,43.875
27-08-2022,19.9875,13.72916667,Bengaluru,56.66666667
28-08-2022,19.62083333,13.14166667,Bengaluru,47.375
29-08-2022,30.2125,20.81666667,Bengaluru,61.33333333
30-08-2022,31.6375,21.9625,Bengaluru,73.95833333
31-08-2022,25.99166667,17.99166667,Bengaluru,63.5
01-09-2022,45.5,31.58333333,Bengaluru,77.79166667
02-09-2022,33.7,23.5125,Bengaluru,86.45833333
03-09-2022,39.65833333,27.69166667,Bengaluru,79.25
04-09-2022,28.7375,20.07916667,Bengaluru,72.45833333
05-09-2022,28.37083333,19.8375,Bengaluru,67.04166667
06-09-2022,21.82083333,15.24583333,Bengaluru,62.33333333
07-09-2022,11.89166667,8.291666667,Bengaluru,49.08333333
08-09-2022,10.1,7.045833333,Bengaluru,29.625
09-09-2022,8.55,5.991666667,Bengaluru,28.16666667
10-09-2022,7.029166667,4.883333333,Bengaluru,23.66666667
11-09-2022,7.120833333,4.85,Bengaluru,21.54166667
12-09-2022,7.983333333,5.375,Bengaluru,21.45833333
13-09-2022,11.9375,7.966666667,Bengaluru,27
14-09-2022,14.57916667,9.958333333,Bengaluru,36.33333333
15-09-2022,17.53333333,11.44166667,Bengaluru,47.29166667
16-09-2022,16.69166667,11.22916667,Bengaluru,45.41666667
17-09-2022,18.25416667,12.3875,Bengaluru,49.95833333
18-09-2022,16.8875,11.49583333,Bengaluru,47.875
19-09-2022,19.92083333,13.15833333,Bengaluru,51.58333333
20-09-2022,21.99166667,14.39166667,Bengaluru,52.83333333
21-09-2022,27.22916667,18.00416667,Bengaluru,57.58333333
22-09-2022,30.53333333,20.05416667,Bengaluru,66.33333333
23-09-2022,26.42083333,17.4375,Bengaluru,67.25
24-09-2022,18.55416667,12.5375,Bengaluru,54.08333333
25-09-2022,22.88333333,15.32916667,Bengaluru,53.58333333
26-09-2022,32.59583333,22.02916667,Bengaluru,62.66666667
27-09-2022,33.3875,22.95,Bengaluru,77.375
28-09-2022,30.2,20.66666667,Bengaluru,67.41666667
29-09-2022,25.64166667,17.61666667,Bengaluru,63.83333333
30-09-2022,19.9375,13.74583333,Bengaluru,62.75
01-10-2022,12.26666667,8.575,Bengaluru,41.66666667
02-10-2022,20.15833333,14.01666667,Bengaluru,38.83333333
03-10-2022,27.29166667,18.775,Bengaluru,59.70833333
04-10-2022,34.09166667,23.3375,Bengaluru,70.08333333
05-10-2022,35.225,24.24166667,Bengaluru,77.54166667
06-10-2022,29.00416667,20.0625,Bengaluru,71.83333333
07-10-2022,25.00416667,16.74583333,Bengaluru,63.91666667
08-10-2022,26.875,18.375,Bengaluru,57.79166667
09-10-2022,35.22083333,24.27916667,Bengaluru,74.75
10-10-2022,30.09166667,21,Bengaluru,70.5
11-10-2022,28.075,19.63333333,Bengaluru,65.70833333
12-10-2022,40.71666667,28.32916667,Bengaluru,81.79166667
13-10-2022,34.05,23.7375,Bengaluru,76.375
14-10-2022,29.69166667,20.74166667,Bengaluru,73.70833333
15-10-2022,21.67083333,15.15,Bengaluru,60.375
16-10-2022,24.72916667,17.24583333,Bengaluru,59.04166667
17-10-2022,23.10416667,16.025,Bengaluru,61.16666667
18-10-2022,27.89583333,19.37083333,Bengaluru,60.66666667
19-10-2022,37.325,26.00416667,Bengaluru,76.95833333
20-10-2022,33.23333333,22.80416667,Bengaluru,73.70833333
21-10-2022,24.5125,16.56666667,Bengaluru,64.20833333
22-10-2022,45.2375,30.9375,Bengaluru,75.70833333
23-10-2022,50.35,35.02083333,Bengaluru,97.79166667
24-10-2022,46.62083333,32.32083333,Bengaluru,92.04166667
25-10-2022,47.9,33.28333333,Bengaluru,92.91666667
26-10-2022,61.79583333,42.85416667,Bengaluru,107.75
27-10-2022,41.325,28.25833333,Bengaluru,108.2083333
28-10-2022,33.3,21.3625,Bengaluru,76.16666667
29-10-2022,26.47083333,17.3,Bengaluru,64.16666667
30-10-2022,36.32916667,24.07083333,Bengaluru,67.33333333
31-10-2022,55.625,37.59166667,Bengaluru,94.91666667
01-11-2022,26.66666667,18.5875,Bengaluru,85.375
02-11-2022,21.37083333,14.73333333,Bengaluru,58.625
03-11-2022,23.78333333,16.325,Bengaluru,57.875
04-11-2022,19.17916667,12.89166667,Bengaluru,55.54166667
05-11-2022,21.36666667,14.02083333,Bengaluru,52.70833333
06-11-2022,35.19166667,22.69583333,Bengaluru,60.29166667
07-11-2022,45.9375,30.35416667,Bengaluru,83.29166667
08-11-2022,44.675,29.5875,Bengaluru,89.25
09-11-2022,51.62916667,34.80833333,Bengaluru,91.79166667
10-11-2022,36.42083333,24.25833333,Bengaluru,92.29166667
11-11-2022,49.65416667,33.07916667,Bengaluru,78.45833333
12-11-2022,20.8125,14.33333333,Bengaluru,78.83333333
13-11-2022,11.73333333,8.175,Bengaluru,42.95833333
14-11-2022,18.57916667,12.525,Bengaluru,42.25
15-11-2022,36.1375,24.1875,Bengaluru,62.66666667
16-11-2022,55.76666667,38.25416667,Bengaluru,89.95833333
17-11-2022,66.87916667,46.23333333,Bengaluru,120.2916667
18-11-2022,60.77916667,42.00833333,Bengaluru,120.5
19-11-2022,55.6,38.6375,Bengaluru,110.2916667
20-11-2022,62.40416667,42.9875,Bengaluru,113.5
21-11-2022,59.25,41.19166667,Bengaluru,124.75
22-11-2022,32.7125,22.54166667,Bengaluru,85.5
23-11-2022,44.22083333,30.65833333,Bengaluru,88.08333333
24-11-2022,35.975,24.925,Bengaluru,81
25-11-2022,27.19166667,18.525,Bengaluru,68.83333333
26-11-2022,31.02916667,20.82916667,Bengaluru,66.75
27-11-2022,41.84166667,28.4875,Bengaluru,75.45833333
28-11-2022,59.99166667,41.35,Bengaluru,96.08333333
29-11-2022,75.8625,51.87916667,Bengaluru,133.375
30-11-2022,54.5,36.275,Bengaluru,122.4166667
01-12-2022,45.75,29.99166667,Bengaluru,97.83333333
02-12-2022,28.29166667,18.72916667,Bengaluru,75.33333333
03-12-2022,17.41666667,11.8375,Bengaluru,55.25
04-12-2022,29.8875,19.04166667,Bengaluru,56
05-12-2022,51.7625,34.64583333,Bengaluru,80.33333333
06-12-2022,58.1375,38.87916667,Bengaluru,103.4166667
07-12-2022,69.6875,47.97083333,Bengaluru,123.2083333
08-12-2022,58.575,40.57083333,Bengaluru,121
09-12-2022,42.8,29.5375,Bengaluru,102.0416667
10-12-2022,19.85833333,13.8875,Bengaluru,67.58333333
11-12-2022,23.24166667,16.1875,Bengaluru,53.66666667
12-12-2022,20.125,13.95416667,Bengaluru,59.54166667
13-12-2022,12.1875,8.516666667,Bengaluru,50.875
14-12-2022,1.1125,0.770833333,Bengaluru,19.04166667
15-12-2022,0.991666667,0.7,Bengaluru,14.91666667
16-12-2022,23.9625,16.275,Bengaluru,29.83333333
17-12-2022,46.44166667,31.2,Bengaluru,78.08333333
18-12-2022,62.95416667,42.6875,Bengaluru,104.375
19-12-2022,45.44583333,29.65833333,Bengaluru,100.0416667
20-12-2022,41.60416667,27.40833333,Bengaluru,89.5
21-12-2022,36.00416667,23.98333333,Bengaluru,80.20833333
22-12-2022,47.72083333,31.3875,Bengaluru,75.58333333
23-12-2022,61.50416667,40.49583333,Bengaluru,110.5
24-12-2022,62.30416667,40.82083333,Bengaluru,107.125
25-12-2022,31.27083333,21.17916667,Bengaluru,101
26-12-2022,11.09166667,7.670833333,Bengaluru,41.08333333
27-12-2022,16.9375,11.55833333,Bengaluru,37.91666667
28-12-2022,22.4125,15.15,Bengaluru,54.04166667
29-12-2022,34.50833333,23.575,Bengaluru,68.20833333
30-12-2022,32.4125,22.20416667,Bengaluru,73.04166667
31-12-2022,48.07916667,33.2375,Bengaluru,76.16666667
01-01-2023,51.675,35.74583333,Bengaluru,105.1666667
02-01-2023,43.3,29.55416667,Bengaluru,93.75
03-01-2023,42.96666667,28.35416667,Bengaluru,86.20833333
04-01-2023,42.86666667,27.8625,Bengaluru,83.625
05-01-2023,41.96666667,26.74583333,Bengaluru,81.66666667
06-01-2023,48.85833333,32.18333333,Bengaluru,87.16666667
07-01-2023,49.09583333,32.8375,Bengaluru,94.33333333
08-01-2023,76.6,52.46666667,Bengaluru,111.875
09-01-2023,56.47916667,38.37083333,Bengaluru,133.875
10-01-2023,47.05416667,30.85833333,Bengaluru,97.41666667
11-01-2023,46.275,31.0125,Bengaluru,91.25
12-01-2023,45.25416667,30.55833333,Bengaluru,89.25
13-01-2023,49.5125,33.42916667,Bengaluru,91.25
14-01-2023,48.84583333,33.16666667,Bengaluru,95
15-01-2023,45.77083333,31.42083333,Bengaluru,94.33333333
16-01-2023,43.63333333,29.9875,Bengaluru,91.25
17-01-2023,37.52083333,25.4,Bengaluru,83.70833333
18-01-2023,36.32083333,24.17083333,Bengaluru,74.75
19-01-2023,44.69583333,29.34583333,Bengaluru,82.25
20-01-2023,51.71666667,33.39583333,Bengaluru,87.70833333
21-01-2023,44.9875,29.85,Bengaluru,98.54166667
22-01-2023,34.7,23.17916667,Bengaluru,77.04166667
23-01-2023,47.53333333,30.90833333,Bengaluru,83.16666667
24-01-2023,31.2625,20.57916667,Bengaluru,78.95833333
25-01-2023,33.29166667,21.49166667,Bengaluru,68.70833333
26-01-2023,45.5375,29.70416667,Bengaluru,78.41666667
27-01-2023,50.41666667,33.0375,Bengaluru,95.29166667
28-01-2023,40.00833333,27.18333333,Bengaluru,83.04166667
29-01-2023,42.25416667,27.3875,Bengaluru,86.16666667
30-01-2023,42.29166667,27.65,Bengaluru,82.41666667
31-01-2023,35.34583333,23.6625,Bengaluru,76.66666667
01-02-2023,44.95,29.6625,Bengaluru,84.125
02-02-2023,37.87083333,24.69583333,Bengaluru,86.66666667
03-02-2023,37.4375,23.67916667,Bengaluru,76.66666667
04-02-2023,39.6375,26.1125,Bengaluru,75.41666667
05-02-2023,46.2375,30.60416667,Bengaluru,90.54166667
06-02-2023,52.4875,35.30416667,Bengaluru,89.75
07-02-2023,59.42916667,40.2125,Bengaluru,104.5833333
08-02-2023,58.52916667,39.7875,Bengaluru,119.3333333
09-02-2023,51.08333333,34.625,Bengaluru,108
10-02-2023,41.625,28.4625,Bengaluru,92.08333333
11-02-2023,45.87083333,31.62916667,Bengaluru,88.25
12-02-2023,42.82083333,29.54583333,Bengaluru,92.58333333
13-02-2023,39.4125,27.26666667,Bengaluru,97.625
14-02-2023,40.85,28.11666667,Bengaluru,91.29166667
15-02-2023,40.00833333,27.67083333,Bengaluru,93
16-02-2023,42.83333333,29.18333333,Bengaluru,89.375
17-02-2023,40.93333333,27.53333333,Bengaluru,84.79166667
18-02-2023,43.85416667,29.40416667,Bengaluru,87.04166667
19-02-2023,29.61666667,19.95833333,Bengaluru,75.20833333
20-02-2023,34.01666667,23.19166667,Bengaluru,77.79166667
21-02-2023,41.85,28.74583333,Bengaluru,87.41666667
22-02-2023,47.05,32.35416667,Bengaluru,97.95833333
23-02-2023,42.45416667,29.15,Bengaluru,94.08333333
24-02-2023,33.45416667,22.75,Bengaluru,79.41666667
25-02-2023,32.27916667,22.15,Bengaluru,77.41666667
26-02-2023,36.21666667,24.9875,Bengaluru,90.95833333
27-02-2023,33.12083333,22.63333333,Bengaluru,82.54166667
28-02-2023,40.4375,27.5375,Bengaluru,77.375
01-03-2023,41.07916667,27.4,Bengaluru,85.54166667
02-03-2023,31.42916667,21.12083333,Bengaluru,80.58333333
03-03-2023,38.6125,26.3,Bengaluru,88.25
04-03-2023,34.40833333,23.44166667,Bengaluru,77.75
05-03-2023,41.9875,28.42916667,Bengaluru,81.875
06-03-2023,29.30416667,19.85,Bengaluru,76.83333333
07-03-2023,32.5875,22.09166667,Bengaluru,68.54166667
08-03-2023,32.16666667,21.32083333,Bengaluru,69.66666667
09-03-2023,45.08333333,30.70833333,Bengaluru,77.75
10-03-2023,47.46666667,32.25833333,Bengaluru,93.29166667
11-03-2023,51.26666667,34.5625,Bengaluru,99.16666667
12-03-2023,38.25,25.5125,Bengaluru,88.83333333
13-03-2023,51.45833333,34.90416667,Bengaluru,86.16666667
14-03-2023,53.51666667,36.32916667,Bengaluru,102.4166667
15-03-2023,52.83333333,35.71666667,Bengaluru,98.83333333
16-03-2023,70.7375,47.54166667,Bengaluru,118.8333333
17-03-2023,50.73333333,34.05833333,Bengaluru,116.4166667
18-03-2023,35.22083333,23.45,Bengaluru,80.70833333
19-03-2023,41.09583333,27.69166667,Bengaluru,82.375
20-03-2023,35.8375,23.90416667,Bengaluru,80.08333333
21-03-2023,34.47916667,23.00833333,Bengaluru,71.08333333
22-03-2023,51.87083333,35.42916667,Bengaluru,94.08333333
23-03-2023,47.57916667,32.29583333,Bengaluru,104.25
24-03-2023,36.61666667,24.15833333,Bengaluru,89.45833333
25-03-2023,46.66666667,31.39583333,Bengaluru,81.54166667
26-03-2023,57,38.5875,Bengaluru,108.7083333
27-03-2023,52.78333333,36.04166667,Bengaluru,109.4583333
28-03-2023,58.6375,40.45416667,Bengaluru,125.7083333
29-03-2023,51.43333333,35.29166667,Bengaluru,101.2916667
30-03-2023,68.39583333,46.95833333,Bengaluru,119.375
31-03-2023,60.9875,41.63333333,Bengaluru,119.7083333
01-04-2023,50.97916667,35.04166667,Bengaluru,115.375
02-04-2023,39.55416667,27.05833333,Bengaluru,95.04166667
03-04-2023,34.72916667,23.74166667,Bengaluru,84.75
04-04-2023,51.49166667,35.15416667,Bengaluru,90.91666667
05-04-2023,51.67083333,35.25833333,Bengaluru,107.875
06-04-2023,48.41666667,33.18333333,Bengaluru,101.6666667
07-04-2023,38.075,25.84166667,Bengaluru,89.79166667
08-04-2023,33.05,21.91666667,Bengaluru,76.83333333
09-04-2023,29.25416667,19.4875,Bengaluru,69.625
10-04-2023,23.62916667,15.75416667,Bengaluru,61.83333333
11-04-2023,26.3,17.66666667,Bengaluru,61.45833333
12-04-2023,25.7875,17.64166667,Bengaluru,70.08333333
13-04-2023,30.9625,21.33333333,Bengaluru,75.45833333
14-04-2023,37.69583333,25.95,Bengaluru,85.54166667
15-04-2023,42.96666667,29.675,Bengaluru,94.29166667
16-04-2023,41.04583333,28.18333333,Bengaluru,93.33333333
17-04-2023,42.05416667,29.025,Bengaluru,97.45833333
18-04-2023,37.02916667,25.475,Bengaluru,92.54166667
19-04-2023,49.10833333,33.81666667,Bengaluru,90.95833333
20-04-2023,58.00416667,40.01666667,Bengaluru,114.9583333
21-04-2023,56.9625,38.97083333,Bengaluru,110.5833333
22-04-2023,64.5375,44.4125,Bengaluru,119
23-04-2023,56.9625,39.025,Bengaluru,130.25
24-04-2023,45.99166667,31.5,Bengaluru,101.5
25-04-2023,40.18333333,27.1125,Bengaluru,83.29166667
26-04-2023,41.85833333,28.19583333,Bengaluru,84.58333333
27-04-2023,38.7,25.425,Bengaluru,80.125
28-04-2023,38.78333333,25.29583333,Bengaluru,81.875
29-04-2023,33.00833333,22.25,Bengaluru,72
30-04-2023,35.85416667,24.55416667,Bengaluru,77.375
01-05-2023,26.04166667,18.07916667,Bengaluru,66.66666667
02-05-2023,24.99583333,17.32916667,Bengaluru,61.58333333
03-05-2023,32.84583333,22.32916667,Bengaluru,68.20833333
04-05-2023,37.45,25.1,Bengaluru,77.08333333
05-05-2023,34.85,23.04166667,Bengaluru,75.875
06-05-2023,43.42916667,29.2875,Bengaluru,82.54166667
07-05-2023,27.6875,18.825,Bengaluru,72.45833333
08-05-2023,35.0125,24.0875,Bengaluru,72
09-05-2023,29.75416667,20.625,Bengaluru,73.04166667
10-05-2023,36.57083333,25.19166667,Bengaluru,73.58333333
11-05-2023,57.4375,39.62916667,Bengaluru,98.83333333
12-05-2023,54.29583333,37.70833333,Bengaluru,107.25
13-05-2023,38.49166667,26.75833333,Bengaluru,100.5416667
14-05-2023,33.2625,22.8375,Bengaluru,76.5
15-05-2023,40.02083333,27.5375,Bengaluru,76.70833333
16-05-2023,46.10416667,31.79166667,Bengaluru,91.79166667
17-05-2023,56.64583333,39.18333333,Bengaluru,109.2083333
18-05-2023,46.26666667,31.85416667,Bengaluru,102.5833333
19-05-2023,46.59166667,31.9875,Bengaluru,98.625
20-05-2023,48.8125,32.75,Bengaluru,89.75
21-05-2023,62.0125,42.11666667,Bengaluru,113.3333333
22-05-2023,55.79166667,38.13333333,Bengaluru,114.7916667
23-05-2023,57.37916667,39.1,Bengaluru,115.625
24-05-2023,43.9625,30.17916667,Bengaluru,107.2083333
25-05-2023,30.3875,20.82916667,Bengaluru,85.41666667
26-05-2023,28.6625,19.53333333,Bengaluru,69.79166667
27-05-2023,34.40833333,23.51666667,Bengaluru,66.375
28-05-2023,35.54166667,24.03333333,Bengaluru,79.16666667
29-05-2023,45.19166667,30.35,Bengaluru,84.79166667
30-05-2023,56.5125,38.25833333,Bengaluru,101.9166667
31-05-2023,57.94166667,39.86666667,Bengaluru,111.4166667
01-06-2023,44.19583333,30.23333333,Bengaluru,99.375
02-06-2023,36.91666667,25.1875,Bengaluru,77.91666667
03-06-2023,44.8375,30.2,Bengaluru,87.79166667
04-06-2023,34.69583333,23.3375,Bengaluru,78.70833333
05-06-2023,36.62083333,24.19166667,Bengaluru,78.83333333
06-06-2023,27.10416667,16.96666667,Bengaluru,65.04166667
07-06-2023,22.69166667,14.86666667,Bengaluru,61.58333333
08-06-2023,11.52916667,7.729166667,Bengaluru,45.08333333
09-06-2023,13.8375,9.3375,Bengaluru,35.16666667
10-06-2023,9.275,6.2375,Bengaluru,34.08333333
11-06-2023,11.6125,7.445833333,Bengaluru,26.45833333
12-06-2023,14.55,8.975,Bengaluru,35.70833333
13-06-2023,16.08333333,9.383333333,Bengaluru,38.16666667
14-06-2023,18.8375,10.8625,Bengaluru,41.33333333
15-06-2023,21.51666667,12.54166667,Bengaluru,49.16666667
16-06-2023,22.05833333,12.5625,Bengaluru,50.75
17-06-2023,26.80416667,14.65416667,Bengaluru,52.95833333
18-06-2023,21.21666667,12.03333333,Bengaluru,52.79166667
19-06-2023,26.1,15.425,Bengaluru,52.33333333
20-06-2023,26.28333333,17.15,Bengaluru,59.66666667
21-06-2023,34.825,21.24583333,Bengaluru,64.54166667
22-06-2023,27.87916667,16.74583333,Bengaluru,66.625
23-06-2023,20.47083333,12.88333333,Bengaluru,57.79166667
24-06-2023,10.95,7.0125,Bengaluru,38
25-06-2023,17.57083333,10.47916667,Bengaluru,38.375
26-06-2023,14.775,8.920833333,Bengaluru,39.33333333
27-06-2023,14.29166667,8.679166667,Bengaluru,38.33333333
28-06-2023,8.154166667,5.416666667,Bengaluru,29.33333333
29-06-2023,8.379166667,5.625,Bengaluru,26.41666667
30-06-2023,11.86666667,6.383333333,Bengaluru,24.625
01-07-2023,19.6375,8.9875,Bengaluru,29.54166667
02-07-2023,14.54166667,7.5375,Bengaluru,39.58333333
03-07-2023,5.208333333,3.470833333,Bengaluru,24.125
04-07-2023,4.454166667,3.066666667,Bengaluru,19.54166667
05-07-2023,4.045833333,2.829166667,Bengaluru,18.875
06-07-2023,3.845833333,2.65,Bengaluru,18.16666667
07-07-2023,4.775,3.158333333,Bengaluru,20.66666667
08-07-2023,5.5625,3.8125,Bengaluru,18.58333333
09-07-2023,10.8625,6.570833333,Bengaluru,20.70833333
10-07-2023,17.08333333,9.404166667,Bengaluru,33.33333333
11-07-2023,19.49583333,10.35,Bengaluru,43.16666667
12-07-2023,20.55833333,10.5375,Bengaluru,43.16666667
13-07-2023,8.179166667,5.483333333,Bengaluru,34.16666667
14-07-2023,6.479166667,4.4875,Bengaluru,21.25
15-07-2023,11.66666667,6.4375,Bengaluru,21.08333333
16-07-2023,15.09166667,7.620833333,Bengaluru,30.75
17-07-2023,14.29583333,6.9625,Bengaluru,30.41666667
18-07-2023,9.266666667,4.795833333,Bengaluru,26.33333333
19-07-2023,8.258333333,4.175,Bengaluru,20.70833333
20-07-2023,9.4875,4.420833333,Bengaluru,19.54166667
21-07-2023,10.20416667,4.654166667,Bengaluru,20.25
22-07-2023,5.654166667,3.308333333,Bengaluru,19.45833333
23-07-2023,3.9,2.654166667,Bengaluru,16.375
24-07-2023,5.275,3.3625,Bengaluru,17.54166667
25-07-2023,5.395833333,3.7,Bengaluru,15.33333333
26-07-2023,4.6,3.1625,Bengaluru,16.41666667
27-07-2023,7.2375,4.258333333,Bengaluru,16.83333333
28-07-2023,8.175,4.633333333,Bengaluru,20.20833333
29-07-2023,12.94583333,6.65,Bengaluru,22.58333333
30-07-2023,12.57916667,6.8375,Bengaluru,29.79166667
31-07-2023,17.07083333,7.483333333,Bengaluru,28.33333333
01-08-2023,11.95,5.629166667,Bengaluru,28.20833333
02-08-2023,17.28333333,8.229166667,Bengaluru,27.54166667
03-08-2023,14.2,7.0625,Bengaluru,31.54166667
04-08-2023,11.80833333,7.058333333,Bengaluru,31.5
05-08-2023,12.91666667,7.2375,Bengaluru,28.95833333
06-08-2023,16.58333333,8.65,Bengaluru,31.79166667
07-08-2023,17.30416667,8.704166667,Bengaluru,37.29166667
08-08-2023,22.9125,11.3,Bengaluru,41.16666667
09-08-2023,27.175,13.25833333,Bengaluru,47.79166667
10-08-2023,33.88333333,16.48333333,Bengaluru,56.125
11-08-2023,45.2125,22.45833333,Bengaluru,66.75
12-08-2023,38.11666667,18.25416667,Bengaluru,69.54166667
13-08-2023,33.13333333,14.2,Bengaluru,57.41666667
14-08-2023,40.25,16.95416667,Bengaluru,56.5
15-08-2023,40.1125,17.39166667,Bengaluru,60.5
16-08-2023,37.7125,15.85416667,Bengaluru,60.625
17-08-2023,27.11666667,12.31666667,Bengaluru,56.16666667
18-08-2023,17.81666667,8.25,Bengaluru,43.58333333
19-08-2023,10.42916667,6,Bengaluru,29.95833333
20-08-2023,18.2125,8.679166667,Bengaluru,26.5
21-08-2023,29.85,13.61666667,Bengaluru,45.33333333
22-08-2023,27.10833333,14.45833333,Bengaluru,54.16666667
23-08-2023,31.96666667,14.77916667,Bengaluru,56.91666667
24-08-2023,28.925,13.78333333,Bengaluru,55.08333333
25-08-2023,23.85,12.85416667,Bengaluru,52.08333333
26-08-2023,14.09583333,8.991666667,Bengaluru,47.16666667
27-08-2023,18.775,10.89583333,Bengaluru,42.08333333
28-08-2023,19.32916667,10.23333333,Bengaluru,44.70833333
29-08-2023,17.68333333,8.8875,Bengaluru,40.41666667
30-08-2023,22.08333333,12.025,Bengaluru,41.20833333
31-08-2023,22.975,14.42916667,Bengaluru,54.54166667
01-09-2023,19.97083333,12.99166667,Bengaluru,51.29166667
02-09-2023,15.08333333,9.8,Bengaluru,48.75
03-09-2023,23.49583333,13.075,Bengaluru,46
04-09-2023,24.24583333,14.75,Bengaluru,54.375
05-09-2023,12.74166667,8.370833333,Bengaluru,49.83333333
06-09-2023,8.283333333,5.633333333,Bengaluru,25.79166667
07-09-2023,8.941666667,5.825,Bengaluru,25.33333333
08-09-2023,7.825,4.645833333,Bengaluru,24.16666667
09-09-2023,8.258333333,5.091666667,Bengaluru,21.58333333
10-09-2023,12.42916667,6.633333333,Bengaluru,24.66666667
11-09-2023,11.81666667,7.029166667,Bengaluru,27.66666667
12-09-2023,9.825,6.0125,Bengaluru,28.58333333
13-09-2023,13.225,7.845833333,Bengaluru,29.5
14-09-2023,10.47916667,6.2875,Bengaluru,30.625
15-09-2023,6.541666667,4.2625,Bengaluru,21.70833333
16-09-2023,6.3875,4.316666667,Bengaluru,19.16666667
17-09-2023,9.958333333,6.341666667,Bengaluru,21.54166667
18-09-2023,12.175,7.6125,Bengaluru,29.33333333
19-09-2023,16.2875,9.25,Bengaluru,34.54166667
20-09-2023,16.70416667,9.666666667,Bengaluru,41.41666667
21-09-2023,19.04583333,11.60416667,Bengaluru,40.70833333
22-09-2023,24.14166667,12.9625,Bengaluru,51
23-09-2023,19.15833333,10.24583333,Bengaluru,49.16666667
24-09-2023,13.85416667,8.154166667,Bengaluru,38.5
25-09-2023,21.19583333,11.02916667,Bengaluru,40.45833333
26-09-2023,18.50416667,10.57916667,Bengaluru,45.875
27-09-2023,12.25833333,7.6125,Bengaluru,37.125
28-09-2023,9.05,5.683333333,Bengaluru,28.45833333
29-09-2023,7.108333333,4.45,Bengaluru,22.5
30-09-2023,4.629166667,3.179166667,Bengaluru,20.58333333
01-10-2023,5.029166667,3.4125,Bengaluru,20.66666667
02-10-2023,21.00416667,13.88333333,Bengaluru,32.83333333
03-10-2023,37.175,24.5125,Bengaluru,68
04-10-2023,46.94166667,30.18333333,Bengaluru,80.25
05-10-2023,56.8625,36.75,Bengaluru,100.3333333
06-10-2023,63.82916667,40.05,Bengaluru,107.1666667
07-10-2023,56.45,36.6125,Bengaluru,111.4166667
08-10-2023,60.25833333,39.525,Bengaluru,105.2083333
09-10-2023,48.0375,33,Bengaluru,102.5
10-10-2023,58.07083333,39.19166667,Bengaluru,101.7083333
11-10-2023,55.83333333,37.3,Bengaluru,107.3333333
12-10-2023,55.1,35.09583333,Bengaluru,102.7083333
13-10-2023,49.31666667,29.55416667,Bengaluru,95.75
14-10-2023,45.225,28.3875,Bengaluru,86.41666667
15-10-2023,43.8375,28.62916667,Bengaluru,84.83333333
16-10-2023,41.42916667,26.4875,Bengaluru,79.91666667
17-10-2023,42.78333333,27.35,Bengaluru,82.54166667
18-10-2023,54.31666667,32.50833333,Bengaluru,87.125
19-10-2023,67.89583333,40.98333333,Bengaluru,106.3333333
20-10-2023,76.40416667,46.32916667,Bengaluru,121.5833333
21-10-2023,55.2,35.18333333,Bengaluru,112.75
22-10-2023,61.6375,39.60833333,Bengaluru,96.875
23-10-2023,68.07916667,41.82083333,Bengaluru,118.9166667
24-10-2023,54.05416667,33.58333333,Bengaluru,103.2916667
25-10-2023,57.54583333,36.38333333,Bengaluru,108.8333333
26-10-2023,57.94583333,36.74583333,Bengaluru,107.3333333
27-10-2023,51.83333333,32.67083333,Bengaluru,105.3333333
28-10-2023,31.525,20.80833333,Bengaluru,79.70833333
29-10-2023,23.24583333,15.2375,Bengaluru,63.29166667
30-10-2023,24.67916667,16.35416667,Bengaluru,59.25
31-10-2023,34.675,22.28333333,Bengaluru,62.75
01-11-2023,33.6875,21.78333333,Bengaluru,74.08333333
02-11-2023,14.65416667,9.954166667,Bengaluru,60.33333333
03-11-2023,10.64166667,7.320833333,Bengaluru,33.5
04-11-2023,11.22916667,7.745833333,Bengaluru,30.54166667
05-11-2023,12.67916667,8.766666667,Bengaluru,29.04166667
06-11-2023,22.10833333,15.15833333,Bengaluru,50
07-11-2023,24.82083333,17.17083333,Bengaluru,61.91666667
08-11-2023,11.44166667,7.833333333,Bengaluru,47.58333333
09-11-2023,17.48333333,11.925,Bengaluru,37.75
10-11-2023,29.5375,19.11666667,Bengaluru,52.83333333
11-11-2023,46.99166667,29.6,Bengaluru,82.5
12-11-2023,59.45,37.04583333,Bengaluru,93.95833333
13-11-2023,76.075,45.84166667,Bengaluru,114.875
14-11-2023,56.38333333,35.95,Bengaluru,120.0833333
15-11-2023,63.53333333,39.28333333,Bengaluru,97.29166667
16-11-2023,65.65833333,41.67916667,Bengaluru,118.75
17-11-2023,45.32083333,29.30416667,Bengaluru,102.375
18-11-2023,23.39166667,15.5375,Bengaluru,69.125
19-11-2023,19.55416667,13.04166667,Bengaluru,53.125
20-11-2023,21.53333333,14.07083333,Bengaluru,54.625
21-11-2023,23.45833333,16.04583333,Bengaluru,56.5
22-11-2023,12.2375,8.525,Bengaluru,48.375
23-11-2023,12.91666667,8.883333333,Bengaluru,32.375
24-11-2023,17.65,11.76666667,Bengaluru,47.70833333
25-11-2023,10.99583333,7.3875,Bengaluru,35.33333333
26-11-2023,23.67916667,15.23333333,Bengaluru,47
27-11-2023,15.80416667,10.20416667,Bengaluru,50.66666667
28-11-2023,18.1125,11.80833333,Bengaluru,48.33333333
29-11-2023,11.92083333,8.0375,Bengaluru,41.79166667
30-11-2023,10.00833333,6.791666667,Bengaluru,29.25
01-12-2023,10.47083333,7.166666667,Bengaluru,31.25
02-12-2023,24.12083333,15.71666667,Bengaluru,47.29166667
03-12-2023,7.904166667,5.4125,Bengaluru,41.375
04-12-2023,14.95416667,9.904166667,Bengaluru,32.29166667
05-12-2023,25.42916667,17.375,Bengaluru,45.58333333
06-12-2023,47.95416667,33.2375,Bengaluru,79.375
07-12-2023,51.875,35.45833333,Bengaluru,99.95833333
08-12-2023,34.71666667,23.68333333,Bengaluru,91.5
09-12-2023,23.04166667,15.57083333,Bengaluru,62.41666667
10-12-2023,37.2375,25.225,Bengaluru,70.33333333
11-12-2023,33.87083333,22.76666667,Bengaluru,73.95833333
12-12-2023,39.06666667,26.35416667,Bengaluru,76.16666667
13-12-2023,43.26666667,26.1,Bengaluru,84.08333333
14-12-2023,39.4125,20.21666667,Bengaluru,72.45833333
15-12-2023,33.39583333,21.75833333,Bengaluru,69.91666667
16-12-2023,16.9,11.21666667,Bengaluru,58.08333333
17-12-2023,22.28333333,14.4875,Bengaluru,50.70833333
18-12-2023,37.7625,24.51666667,Bengaluru,64.16666667
19-12-2023,54.29166667,35.425,Bengaluru,90.58333333
20-12-2023,49.625,31.69583333,Bengaluru,98.20833333
21-12-2023,48.0875,31.275,Bengaluru,92.54166667
22-12-2023,58.57083333,38.5125,Bengaluru,93.83333333
23-12-2023,66.41666667,43.32083333,Bengaluru,118.2083333
24-12-2023,42.06666667,27.15416667,Bengaluru,103.0416667
25-12-2023,26.59583333,17.1875,Bengaluru,67.41666667
26-12-2023,28.3125,18.55833333,Bengaluru,62.95833333
27-12-2023,26.05833333,16.98333333,Bengaluru,62.33333333
28-12-2023,25.90416667,16.65,Bengaluru,60.20833333
29-12-2023,23.56666667,15.02083333,Bengaluru,57.83333333
30-12-2023,24.04583333,15.5125,Bengaluru,55.875
31-12-2023,34.85,22.77083333,Bengaluru,65.91666667
01-01-2024,43.90416667,28.80416667,Bengaluru,79.04166667
02-01-2024,52.82916667,34.02916667,Bengaluru,92.375
03-01-2024,56.70416667,36.03333333,Bengaluru,98.41666667
04-01-2024,36.95,24.16666667,Bengaluru,89.83333333
05-01-2024,22.67916667,15.34166667,Bengaluru,60.70833333
06-01-2024,28.54583333,18.62916667,Bengaluru,65.16666667
07-01-2024,19.88333333,12.9,Bengaluru,55.625
08-01-2024,11.20833333,7.6625,Bengaluru,47.125
09-01-2024,28.0625,18.11666667,Bengaluru,46.5
10-01-2024,36.54166667,23.94166667,Bengaluru,70.45833333
11-01-2024,36.6375,24.10833333,Bengaluru,76.25
12-01-2024,41.13333333,27.05,Bengaluru,75.95833333
13-01-2024,60.35416667,39.94583333,Bengaluru,97.95833333
14-01-2024,70.49583333,47.0125,Bengaluru,119
15-01-2024,70.98333333,47.37916667,Bengaluru,132.1666667
16-01-2024,65.62083333,43.8125,Bengaluru,119.75
17-01-2024,56.88333333,37.79166667,Bengaluru,115.375
18-01-2024,42.5875,28.84166667,Bengaluru,95.29166667
19-01-2024,36.59583333,24.54583333,Bengaluru,82.5
20-01-2024,45.07916667,30.1875,Bengaluru,83.16666667
21-01-2024,37.30416667,24.69166667,Bengaluru,84.08333333
22-01-2024,33.78333333,22.4625,Bengaluru,74.875
23-01-2024,35.4375,23.55,Bengaluru,73.79166667
24-01-2024,48.40833333,32.32916667,Bengaluru,85.54166667
25-01-2024,39.2375,25.725,Bengaluru,93.20833333
26-01-2024,30.3125,19.95416667,Bengaluru,71.83333333
27-01-2024,33,21.475,Bengaluru,69.45833333
28-01-2024,34.14166667,22.29583333,Bengaluru,70.41666667
29-01-2024,43.67083333,28.675,Bengaluru,80.75
30-01-2024,47.075,31.0375,Bengaluru,86.625
31-01-2024,42.525,28.34166667,Bengaluru,90.16666667
01-02-2024,46.42916667,31.40416667,Bengaluru,92.33333333
02-02-2024,61.72083333,41.58333333,Bengaluru,100.7916667
03-02-2024,41.60833333,27.575,Bengaluru,107.625
04-02-2024,43.4125,28.35,Bengaluru,85.375
05-02-2024,40.35,25.6125,Bengaluru,82.08333333
06-02-2024,45.65416667,25.08333333,Bengaluru,78
07-02-2024,41.8375,23.32083333,Bengaluru,79.625
08-02-2024,33.08333333,20.46666667,Bengaluru,68.29166667
09-02-2024,32.475,20.7,Bengaluru,67.75
10-02-2024,43.97916667,27.7625,Bengaluru,74.33333333
11-02-2024,45.625,29.47916667,Bengaluru,88.375
12-02-2024,33.38333333,20.7875,Bengaluru,78.5
13-02-2024,26.29166667,16.675,Bengaluru,62.375
14-02-2024,26.17083333,17.35833333,Bengaluru,61
15-02-2024,24.85,16.41666667,Bengaluru,58.875
16-02-2024,31.35833333,20.4625,Bengaluru,65.79166667
17-02-2024,26.45416667,17.13333333,Bengaluru,63.125
18-02-2024,25.7625,17.05833333,Bengaluru,62.29166667
19-02-2024,23.85833333,15.7375,Bengaluru,56.20833333
20-02-2024,36.70416667,24.275,Bengaluru,71.70833333
21-02-2024,47.57083333,31.35833333,Bengaluru,90.75
22-02-2024,38.42083333,26.02916667,Bengaluru,97.45833333
23-02-2024,35.8,24.8125,Bengaluru,85.66666667
24-02-2024,46.1375,30.98333333,Bengaluru,94.75
25-02-2024,39.5125,25.49583333,Bengaluru,85.45833333
26-02-2024,22.79166667,14.4375,Bengaluru,64.79166667
27-02-2024,26.3125,17.05833333,Bengaluru,58.45833333
28-02-2024,18.9875,12.6,Bengaluru,56.29166667
29-02-2024,24.375,16.25,Bengaluru,54.79166667
01-03-2024,28.79583333,19.18333333,Bengaluru,62.875
02-03-2024,29.02916667,19.31666667,Bengaluru,64.95833333
03-03-2024,48.23333333,30.80416667,Bengaluru,83.5
04-03-2024,38.47916667,23.97083333,Bengaluru,85.79166667
05-03-2024,34,21.6375,Bengaluru,77.79166667
06-03-2024,44.2875,28.53333333,Bengaluru,88.375
07-03-2024,49.49166667,32.2375,Bengaluru,97.33333333
08-03-2024,44.70833333,29.85,Bengaluru,93.125
09-03-2024,43.1875,28.25416667,Bengaluru,92.04166667
10-03-2024,51.9875,33.08333333,Bengaluru,90.625
11-03-2024,49.05,30.45,Bengaluru,93.08333333
12-03-2024,56.47083333,34.7375,Bengaluru,96.45833333
13-03-2024,65.2875,40.275,Bengaluru,107.5
14-03-2024,68.85,43.41666667,Bengaluru,115.5416667
15-03-2024,59.6125,37.32083333,Bengaluru,122.875
16-03-2024,38.50833333,24.70416667,Bengaluru,93.08333333
17-03-2024,37.50833333,23.66666667,Bengaluru,81.04166667
18-03-2024,38.55833333,24.60833333,Bengaluru,86.54166667
19-03-2024,40.97916667,25.65,Bengaluru,82.08333333
20-03-2024,48.1,30.14583333,Bengaluru,91.79166667
21-03-2024,26.14166667,16.72916667,Bengaluru,71.45833333
22-03-2024,34.49166667,22.00416667,Bengaluru,69.95833333
23-03-2024,27.88333333,17.63333333,Bengaluru,74.08333333
24-03-2024,29.14583333,18.0875,Bengaluru,68.33333333
25-03-2024,32.80833333,20.6625,Bengaluru,74.04166667
26-03-2024,28.86666667,18.11666667,Bengaluru,76.91666667
27-03-2024,19.19583333,12.375,Bengaluru,63.25
28-03-2024,26.925,17.19166667,Bengaluru,63.08333333
29-03-2024,31.61666667,19.83333333,Bengaluru,68.91666667
30-03-2024,35.5,22.18333333,Bengaluru,79.625
31-03-2024,31.16666667,19.99166667,Bengaluru,77.54166667
01-04-2024,32.625,21.37083333,Bengaluru,77.66666667
02-04-2024,27.225,17.75,Bengaluru,79.08333333
03-04-2024,30.00833333,19.57083333,Bengaluru,70.33333333
04-04-2024,22.96666667,15.39583333,Bengaluru,66.95833333
05-04-2024,27.07083333,17.8125,Bengaluru,65
06-04-2024,34.5875,22.55833333,Bengaluru,75.16666667
07-04-2024,33.58333333,21.975,Bengaluru,81.375
08-04-2024,26.3375,17.74583333,Bengaluru,84.16666667
09-04-2024,34.7125,21.7375,Bengaluru,65.58333333
10-04-2024,40.40833333,24.82083333,Bengaluru,77.70833333
11-04-2024,26.31666667,16.84166667,Bengaluru,68.20833333
12-04-2024,23.425,15.0125,Bengaluru,55.83333333
13-04-2024,29.18333333,18.45416667,Bengaluru,60
14-04-2024,26.5125,17.2875,Bengaluru,64.66666667
15-04-2024,19.4875,12.65,Bengaluru,56.625
16-04-2024,22.2375,14.60416667,Bengaluru,56.66666667
17-04-2024,42.17083333,26.94583333,Bengaluru,78
18-04-2024,45.80416667,28.4375,Bengaluru,92.25
19-04-2024,43.93333333,26.80416667,Bengaluru,95.79166667
20-04-2024,45.72083333,28.5875,Bengaluru,91.41666667
21-04-2024,48.95833333,30.71666667,Bengaluru,99.54166667
22-04-2024,32.86666667,19.74583333,Bengaluru,84.45833333
23-04-2024,30.04166667,18.35416667,Bengaluru,77.75
24-04-2024,31.43333333,19.325,Bengaluru,68.45833333
25-04-2024,37.45416667,23.16666667,Bengaluru,73.54166667
26-04-2024,32.8,21.04583333,Bengaluru,78.33333333
27-04-2024,24.61666667,16.60833333,Bengaluru,68.91666667
28-04-2024,23.29166667,15.78333333,Bengaluru,70.25
29-04-2024,31.70416667,21.27916667,Bengaluru,77.25
30-04-2024,22.58333333,15.25,Bengaluru,74.70833333
01-05-2024,40.29583333,27.32083333,Bengaluru,76.75
02-05-2024,47.25,31.47916667,Bengaluru,100.375
03-05-2024,52.98333333,35.64166667,Bengaluru,109.6666667
04-05-2024,46.975,32.2625,Bengaluru,112.75
05-05-2024,26.14166667,17.77916667,Bengaluru,90.29166667
06-05-2024,34,22.475,Bengaluru,88.79166667
07-05-2024,38.4125,25.3875,Bengaluru,94.33333333
08-05-2024,42.8125,28.74583333,Bengaluru,101.0833333
09-05-2024,50.11666667,33.20833333,Bengaluru,103.5
10-05-2024,50.48333333,33.175,Bengaluru,104.3333333
11-05-2024,39.725,26.725,Bengaluru,93.04166667
12-05-2024,39.02083333,26.77083333,Bengaluru,80
13-05-2024,31.51666667,21.225,Bengaluru,76.04166667
14-05-2024,40.19166667,25.675,Bengaluru,76.29166667
15-05-2024,49.47916667,30.45833333,Bengaluru,92.29166667
16-05-2024,38.76666667,24.22083333,Bengaluru,82.25
17-05-2024,27.63333333,18.89166667,Bengaluru,71.41666667
18-05-2024,28.5875,19.88333333,Bengaluru,72.08333333
19-05-2024,35.59166667,24.76666667,Bengaluru,70.66666667
20-05-2024,36.07083333,24.95,Bengaluru,78.29166667
21-05-2024,31.1875,21.725,Bengaluru,80.58333333
22-05-2024,20.61666667,14.1875,Bengaluru,61.58333333
23-05-2024,39.14583333,24.71666667,Bengaluru,64
24-05-2024,41.47083333,26.72916667,Bengaluru,77.70833333
25-05-2024,35.04583333,20.37083333,Bengaluru,78.04166667
26-05-2024,36.49583333,20.90416667,Bengaluru,68.95833333
27-05-2024,35.52083333,17.80833333,Bengaluru,61.375
28-05-2024,33.2125,16.925,Bengaluru,66.20833333
29-05-2024,23.58333333,12.175,Bengaluru,50.20833333
30-05-2024,34.72083333,17.96666667,Bengaluru,56.54166667
31-05-2024,29.61666667,16.275,Bengaluru,61.08333333
01-06-2024,33.84166667,19.53333333,Bengaluru,62.16666667
02-06-2024,37.43333333,22.7875,Bengaluru,69.95833333
03-06-2024,35.4375,23.00833333,Bengaluru,73.58333333
04-06-2024,29.9625,19.97916667,Bengaluru,72.75
05-06-2024,23.3,15.55,Bengaluru,62.95833333
06-06-2024,16.79166667,11.48333333,Bengaluru,50.83333333
07-06-2024,13.40416667,9.316666667,Bengaluru,47.58333333
08-06-2024,7.433333333,5.025,Bengaluru,31.33333333
09-06-2024,8.258333333,4.870833333,Bengaluru,22.70833333
10-06-2024,8.875,5.066666667,Bengaluru,23.79166667
11-06-2024,7.433333333,4.916666667,Bengaluru,22.16666667
12-06-2024,6.05,4.095833333,Bengaluru,21.16666667
13-06-2024,7.391666667,4.970833333,Bengaluru,21.875
14-06-2024,18.97083333,8.6375,Bengaluru,26.45833333
15-06-2024,25.15833333,12.23333333,Bengaluru,44.625
16-06-2024,19.18333333,10.97083333,Bengaluru,49.5
17-06-2024,15.43333333,9.679166667,Bengaluru,42.45833333
18-06-2024,13.6625,8.958333333,Bengaluru,39.125
19-06-2024,14.2875,8.2875,Bengaluru,35.875
20-06-2024,13.3875,6.5125,Bengaluru,31.33333333
21-06-2024,17.675,7.691666667,Bengaluru,31.25
22-06-2024,15.42916667,6.858333333,Bengaluru,28.5
23-06-2024,7.541666667,5.025,Bengaluru,27.58333333
24-06-2024,5.854166667,3.8125,Bengaluru,22.125
25-06-2024,4.104166667,2.741666667,Bengaluru,20.125
26-06-2024,4.225,2.841666667,Bengaluru,19.41666667
27-06-2024,3.620833333,2.5,Bengaluru,17.83333333
28-06-2024,10.17916667,5.108333333,Bengaluru,20.20833333
29-06-2024,11.16666667,6.15,Bengaluru,25.16666667
30-06-2024,12.1375,6.454166667,Bengaluru,25.375
01-07-2024,7.583333333,4.595833333,Bengaluru,25.20833333
02-07-2024,10.30833333,4.970833333,Bengaluru,19.58333333
03-07-2024,9.745833333,5.433333333,Bengaluru,22.41666667
04-07-2024,14.49166667,7.529166667,Bengaluru,24.875
05-07-2024,13.7125,7.154166667,Bengaluru,32.125
06-07-2024,12.925,6.108333333,Bengaluru,27.95833333
07-07-2024,10.72083333,5.829166667,Bengaluru,24.41666667
08-07-2024,7.283333333,4.758333333,Bengaluru,23.66666667
09-07-2024,9.670833333,6.6375,Bengaluru,21.95833333
10-07-2024,13.82916667,8.083333333,Bengaluru,33.41666667
11-07-2024,12.4625,7.908333333,Bengaluru,30.375
12-07-2024,11.2375,6.445833333,Bengaluru,33.70833333
13-07-2024,7.504166667,4.441666667,Bengaluru,22.25
14-07-2024,5.1,3.3,Bengaluru,17.625
15-07-2024,3.358333333,2.270833333,Bengaluru,14.83333333
16-07-2024,3.604166667,2.425,Bengaluru,18.5
17-07-2024,4.058333333,2.6875,Bengaluru,18.5
18-07-2024,2.954166667,2.033333333,Bengaluru,18.25
19-07-2024,3.416666667,2.358333333,Bengaluru,17.95833333
20-07-2024,6.091666667,3.7125,Bengaluru,18.91666667
21-07-2024,7.954166667,4.3875,Bengaluru,18.95833333
22-07-2024,11.37083333,5.633333333,Bengaluru,22.91666667
23-07-2024,7.041666667,4.241666667,Bengaluru,22.20833333
24-07-2024,6.391666667,3.7625,Bengaluru,18.375
25-07-2024,4.108333333,2.554166667,Bengaluru,16.95833333
26-07-2024,4.820833333,2.770833333,Bengaluru,16.66666667
27-07-2024,17.87916667,6.795833333,Bengaluru,18.625
28-07-2024,16.15833333,7.566666667,Bengaluru,36.79166667
29-07-2024,7.454166667,3.970833333,Bengaluru,23.66666667
30-07-2024,5.6,3.716666667,Bengaluru,16.66666667
31-07-2024,6.325,4.225,Bengaluru,17.04166667
01-08-2024,6.529166667,4.370833333,Bengaluru,18.83333333
02-08-2024,8.479166667,5.1625,Bengaluru,20.83333333
03-08-2024,10.21666667,6.245833333,Bengaluru,22.66666667
04-08-2024,11.275,6.829166667,Bengaluru,28.5
05-08-2024,19.30833333,10.0375,Bengaluru,32.58333333
06-08-2024,16.55833333,10.60416667,Bengaluru,43.95833333
07-08-2024,14.29583333,9.566666667,Bengaluru,45.5
08-08-2024,15.075,8.9125,Bengaluru,35.58333333
09-08-2024,19.08333333,9.55,Bengaluru,35.66666667
10-08-2024,14.60416667,9.308333333,Bengaluru,40.625
11-08-2024,26.69166667,13.06666667,Bengaluru,44.91666667
12-08-2024,25.31666667,14.44166667,Bengaluru,54.875
13-08-2024,29.25416667,18.52083333,Bengaluru,57.16666667
14-08-2024,39.06666667,25.4625,Bengaluru,76.83333333
15-08-2024,28.57083333,19.7125,Bengaluru,62.79166667
16-08-2024,49.28333333,34.16666667,Bengaluru,92.58333333
17-08-2024,32.1625,22.4375,Bengaluru,85.41666667
18-08-2024,29.68333333,20.20416667,Bengaluru,63.25
19-08-2024,33.59166667,23.05,Bengaluru,76.16666667
20-08-2024,19.60416667,13.46666667,Bengaluru,60.16666667
21-08-2024,15.37916667,10.70416667,Bengaluru,52.58333333
22-08-2024,8.9375,6.429166667,Bengaluru,30.58333333
23-08-2024,14.31666667,9.833333333,Bengaluru,34.625
24-08-2024,10.14583333,6.645833333,Bengaluru,37.45833333
25-08-2024,10.32083333,6.175,Bengaluru,23.45833333
26-08-2024,7.466666667,4.954166667,Bengaluru,25.875
27-08-2024,7.466666667,4.9625,Bengaluru,20.70833333
28-08-2024,9.2,5.995833333,Bengaluru,24.79166667
29-08-2024,6.6125,4.329166667,Bengaluru,21.70833333
30-08-2024,8.625,5.070833333,Bengaluru,18.66666667
31-08-2024,5.445833333,3.5875,Bengaluru,19.625
01-09-2024,5.991666667,3.975,Bengaluru,17.08333333
02-09-2024,11.55833333,6.341666667,Bengaluru,20.20833333
03-09-2024,10.6,5.5875,Bengaluru,26.25
04-09-2024,13.76666667,6.875,Bengaluru,25.29166667
05-09-2024,13.00416667,7.070833333,Bengaluru,30.83333333
06-09-2024,14.31666667,7.0125,Bengaluru,28
07-09-2024,14.90833333,7.975,Bengaluru,31.125
08-09-2024,8.075,5.070833333,Bengaluru,29.70833333
09-09-2024,6.5375,4.225,Bengaluru,18.95833333
10-09-2024,6.075,3.845833333,Bengaluru,20.08333333
11-09-2024,10.56666667,5.925,Bengaluru,20.125
12-09-2024,13.9125,8.016666667,Bengaluru,26.29166667
13-09-2024,22.9625,12.85416667,Bengaluru,44
14-09-2024,19.02916667,10.82083333,Bengaluru,50.45833333
15-09-2024,16.9,9.7,Bengaluru,43.33333333
16-09-2024,19.4875,9.933333333,Bengaluru,41.875
17-09-2024,16.64166667,9.279166667,Bengaluru,38.83333333
18-09-2024,29.32916667,16.79166667,Bengaluru,45.45833333
19-09-2024,29.125,16.15416667,Bengaluru,63.29166667
20-09-2024,24.70416667,14.32916667,Bengaluru,56.95833333
21-09-2024,17.4375,10.32916667,Bengaluru,51.75
22-09-2024,17.8375,10.90833333,Bengaluru,40.45833333
23-09-2024,12.25,8.4,Bengaluru,42.625
24-09-2024,6.191666667,4.35,Bengaluru,28.75
25-09-2024,8.9125,5.841666667,Bengaluru,23.41666667
26-09-2024,10.625,7.008333333,Bengaluru,26.58333333
27-09-2024,12.625,6.995833333,Bengaluru,32.16666667
28-09-2024,22.475,14.375,Bengaluru,36.16666667
29-09-2024,18.10833333,12.09583333,Bengaluru,53.16666667
30-09-2024,25.16666667,16.175,Bengaluru,55.04166667
01-10-2024,32.05833333,20.12083333,Bengaluru,64.95833333
02-10-2024,21.52916667,14.7125,Bengaluru,61.04166667
03-10-2024,28.90416667,19.89166667,Bengaluru,63
04-10-2024,22.03333333,15.22083333,Bengaluru,62.54166667
05-10-2024,17.55416667,12.24166667,Bengaluru,46.45833333
06-10-2024,42.01666667,27.39166667,Bengaluru,64.08333333
07-10-2024,61.42083333,38.27083333,Bengaluru,101.7083333
08-10-2024,28.8875,19.49166667,Bengaluru,85.66666667
09-10-2024,21.64583333,14.80416667,Bengaluru,61.08333333
10-10-2024,23.1625,15.9875,Bengaluru,57.83333333
11-10-2024,17.925,12.22083333,Bengaluru,52.83333333
12-10-2024,14.49166667,9.929166667,Bengaluru,48.625
13-10-2024,12.4375,8.516666667,Bengaluru,35.95833333
14-10-2024,20.69583333,14.2125,Bengaluru,49.625
15-10-2024,18.85833333,13.13333333,Bengaluru,45.5
16-10-2024,13.4125,9.379166667,Bengaluru,55.91666667
17-10-2024,13.25416667,9.229166667,Bengaluru,28.625
18-10-2024,31.67916667,21.32083333,Bengaluru,49.66666667
19-10-2024,42.30833333,29.25,Bengaluru,86.45833333
20-10-2024,24.62083333,17.0125,Bengaluru,73.95833333
21-10-2024,27.11666667,18.82083333,Bengaluru,53.91666667
22-10-2024,46.81666667,32.6125,Bengaluru,90.41666667
23-10-2024,39.225,27.325,Bengaluru,90.25
24-10-2024,31.9,22.15833333,Bengaluru,65.5
25-10-2024,74.47083333,48.3125,Bengaluru,96.66666667
26-10-2024,107.0958333,66.3,Bengaluru,152.1666667
27-10-2024,81.87916667,52.82083333,Bengaluru,153
28-10-2024,71.99166667,47.17916667,Bengaluru,129.2083333
29-10-2024,71.56666667,46.28333333,Bengaluru,127.375
30-10-2024,87.66666667,56.7,Bengaluru,141.5
31-10-2024,83.375,54.56666667,Bengaluru,151.0833333
01-11-2024,40.40416667,27.50833333,Bengaluru,110.6666667
02-11-2024,32.02916667,21.49583333,Bengaluru,81.45833333
03-11-2024,22.08333333,15.09583333,Bengaluru,58.41666667
04-11-2024,19.19166667,12.83333333,Bengaluru,54.04166667
05-11-2024,39.9875,26.62083333,Bengaluru,59.91666667
06-11-2024,63.625,39.90833333,Bengaluru,103.0416667
07-11-2024,37.0125,23.8625,Bengaluru,96.45833333
08-11-2024,17.12916667,10.95416667,Bengaluru,57.08333333
09-11-2024,20.175,13.04583333,Bengaluru,49.54166667
10-11-2024,41.54583333,27.01666667,Bengaluru,65.20833333
11-11-2024,51.63333333,33.825,Bengaluru,92.41666667
12-11-2024,31.10833333,21.99166667,Bengaluru,91.625
13-11-2024,6.475,6.270833333,Bengaluru,40.95833333
14-11-2024,7.7,7.516666667,Bengaluru,26.33333333
15-11-2024,8.183333333,7.820833333,Bengaluru,35.625
16-11-2024,9.5,9.1375,Bengaluru,32.75
17-11-2024,28.3,27.77083333,Bengaluru,54.79166667
18-11-2024,39.825,38.8625,Bengaluru,105.125
19-11-2024,33.64166667,33.0125,Bengaluru,99.41666667
20-11-2024,41.10416667,40.30416667,Bengaluru,107.0416667
21-11-2024,45.54583333,44.54583333,Bengaluru,106.8333333
22-11-2024,45.77083333,44.94166667,Bengaluru,131.4166667
23-11-2024,38.97916667,37.95833333,Bengaluru,116.2916667
24-11-2024,35.6375,34.6875,Bengaluru,101.125
25-11-2024,41.7875,41.025,Bengaluru,103.75
26-11-2024,37.65833333,37.1125,Bengaluru,114.3333333
27-11-2024,42.70833333,41.79166667,Bengaluru,104.25
28-11-2024,38.36666667,37.71666667,Bengaluru,114.5416667
29-11-2024,36.73333333,35.90833333,Bengaluru,104.375
30-11-2024,22.84166667,22.62916667,Bengaluru,89.33333333
01-12-2024,9.520833333,9.483333333,Bengaluru,56.625
02-12-2024,8.458333333,8.433333333,Bengaluru,33
03-12-2024,12.75,12.69583333,Bengaluru,44.29166667
04-12-2024,20.51666667,19.325,Bengaluru,60.66666667
05-12-2024,10.6625,10.4125,Bengaluru,55.33333333
06-12-2024,17.1625,16.89166667,Bengaluru,52.79166667
07-12-2024,21.40833333,20.86666667,Bengaluru,66
08-12-2024,20.08333333,19.24166667,Bengaluru,68.08333333
09-12-2024,29.87083333,29,Bengaluru,69.5
10-12-2024,41.27916667,40.54583333,Bengaluru,105.0416667
11-12-2024,31.99166667,31.6,Bengaluru,103.9583333
12-12-2024,9.270833333,9.170833333,Bengaluru,67.45833333
13-12-2024,28.52083333,28.04583333,Bengaluru,51.66666667
14-12-2024,42.70833333,41.8625,Bengaluru,108.875
15-12-2024,34.49583333,33.075,Bengaluru,103.3333333
16-12-2024,53.37083333,52.59166667,Bengaluru,117.6666667
17-12-2024,41.83333333,41.00833333,Bengaluru,131.6666667
18-12-2024,27.28333333,26.8875,Bengaluru,100.7916667
19-12-2024,27.85833333,27.625,Bengaluru,76.75
20-12-2024,23.87916667,23.77916667,Bengaluru,76.75
21-12-2024,47.7875,47.5375,Bengaluru,102.8333333
22-12-2024,41.05833333,40.79583333,Bengaluru,122
23-12-2024,39.38333333,38.8,Bengaluru,106.3333333
24-12-2024,40.04166667,39.25,Bengaluru,113.2916667
25-12-2024,24.03333333,23.52083333,Bengaluru,89.04166667
26-12-2024,13.05416667,12.8875,Bengaluru,70.875
27-12-2024,8.825,8.575,Bengaluru,40.33333333
28-12-2024,21.61666667,20.4875,Bengaluru,53.08333333
29-12-2024,23.1875,22.12916667,Bengaluru,71.33333333
30-12-2024,23.40416667,22.6625,Bengaluru,72.41666667
31-12-2024,23.06666667,22.39583333,Bengaluru,69.41666667
01-01-2025,36.2125,34.90416667,Bengaluru,86
02-01-2025,45.0875,42.8125,Bengaluru,106.5416667
03-01-2025,39.55416667,38.775,Bengaluru,119.25
04-01-2025,46.55,44.19583333,Bengaluru,112.7083333
05-01-2025,46.81666667,44.1875,Bengaluru,124
06-01-2025,42.9875,41.32083333,Bengaluru,115.5833333
07-01-2025,39.70833333,38.2625,Bengaluru,109.2916667
08-01-2025,36.33333333,35.7125,Bengaluru,106.0833333
09-01-2025,44.68333333,43.7875,Bengaluru,109.0416667
10-01-2025,38.63333333,37.525,Bengaluru,117.1666667
11-01-2025,30.65416667,29.78333333,Bengaluru,91.91666667
12-01-2025,22.125,20.87083333,Bengaluru,81.125
13-01-2025,15.99166667,15.19166667,Bengaluru,64.83333333
14-01-2025,15.5,14.4875,Bengaluru,51
15-01-2025,15.4,14.61666667,Bengaluru,58.25
16-01-2025,35.28333333,34.36666667,Bengaluru,72.66666667
17-01-2025,51.15,50.10416667,Bengaluru,119
18-01-2025,45.45,44.60833333,Bengaluru,140.5416667
19-01-2025,23.375,22.825,Bengaluru,92.41666667
20-01-2025,30.775,30.25416667,Bengaluru,75.95833333
21-01-2025,38.60416667,38.18333333,Bengaluru,107.875
22-01-2025,33.55,32.69166667,Bengaluru,96.16666667
23-01-2025,33.2125,32.225,Bengaluru,96.33333333
24-01-2025,29.10416667,27.76666667,Bengaluru,86.33333333
25-01-2025,31.04166667,30.05833333,Bengaluru,86.95833333
26-01-2025,22.6375,22.25,Bengaluru,80.08333333
27-01-2025,37.85833333,37.3375,Bengaluru,88.95833333
28-01-2025,48.28333333,47.67083333,Bengaluru,117.375
29-01-2025,46.49583333,45.85833333,Bengaluru,130.2916667
30-01-2025,33.9,33.24166667,Bengaluru,110.9583333
31-01-2025,27.27916667,26.4625,Bengaluru,85.91666667
01-02-2025,21.64166667,21.2,Bengaluru,74.125
02-02-2025,17.675,17.10416667,Bengaluru,71.04166667
03-02-2025,23.42916667,23.33333333,Bengaluru,70.33333333
04-02-2025,27.14166667,27.02916667,Bengaluru,73.58333333
05-02-2025,44.19583333,43.93333333,Bengaluru,106.7083333
06-02-2025,33.35833333,33.12916667,Bengaluru,111.4166667
07-02-2025,25.50416667,25.23333333,Bengaluru,82.41666667
08-02-2025,45.60833333,45.14583333,Bengaluru,92.58333333
09-02-2025,58.625,58.075,Bengaluru,147.8333333
10-02-2025,55.525,53.65416667,Bengaluru,145.75
11-02-2025,38.42916667,36.35833333,Bengaluru,129.9166667
12-02-2025,21.93333333,21.60833333,Bengaluru,83.41666667
13-02-2025,27.35,26.60833333,Bengaluru,79.33333333
14-02-2025,28.85833333,27.91666667,Bengaluru,87.04166667
15-02-2025,29.87916667,28.50416667,Bengaluru,92.16666667
16-02-2025,31.40416667,28.10833333,Bengaluru,94.91666667
17-02-2025,33.275,30.49166667,Bengaluru,91
18-02-2025,31.02916667,28.5125,Bengaluru,92.75
19-02-2025,29.825,27.64583333,Bengaluru,90.20833333
20-02-2025,32.2,29.77916667,Bengaluru,92
21-02-2025,32.54583333,29.72916667,Bengaluru,90.83333333
22-02-2025,30.95833333,27.8875,Bengaluru,90.54166667
23-02-2025,28.7,23.2375,Bengaluru,80.95833333
24-02-2025,24.7375,20.59166667,Bengaluru,77.25
25-02-2025,27.8,23.87083333,Bengaluru,70.20833333
26-02-2025,30.04166667,26.12916667,Bengaluru,80.375
27-02-2025,23.23333333,20.0625,Bengaluru,73.20833333
28-02-2025,19.64583333,17.625,Bengaluru,63.66666667
01-03-2025,19.78333333,18.75416667,Bengaluru,63.625
02-03-2025,19.875,18.80833333,Bengaluru,64.45833333
03-03-2025,19.10416667,18.0125,Bengaluru,66.58333333
04-03-2025,26.61666667,24.54166667,Bengaluru,75.04166667
05-03-2025,35.82083333,31.20833333,Bengaluru,89.83333333
06-03-2025,39.21666667,34.22916667,Bengaluru,109.4583333
07-03-2025,35.28333333,31.85,Bengaluru,115.625
08-03-2025,43.50833333,39.59583333,Bengaluru,123.2083333
09-03-2025,37.125,32.9,Bengaluru,128
10-03-2025,23.37916667,21.16666667,Bengaluru,81.95833333
11-03-2025,13.42916667,12.5875,Bengaluru,58.70833333
12-03-2025,13.325,12.80833333,Bengaluru,45.58333333
13-03-2025,23.01666667,21.83333333,Bengaluru,69.66666667
14-03-2025,22.08333333,19.64583333,Bengaluru,79.5
15-03-2025,25.6875,23.12083333,Bengaluru,83.79166667
16-03-2025,22.8375,22.375,Bengaluru,71.70833333
17-03-2025,28.44166667,28.0125,Bengaluru,95.58333333
18-03-2025,29.6,29.27083333,Bengaluru,101.4166667
19-03-2025,19.76666667,19.275,Bengaluru,72.54166667
20-03-2025,16.5625,16.04166667,Bengaluru,63
21-03-2025,18.68333333,18.20416667,Bengaluru,62.08333333
22-03-2025,33.07916667,32.18333333,Bengaluru,79.04166667
23-03-2025,35,33.79583333,Bengaluru,96.25
24-03-2025,27.9,26.4375,Bengaluru,99.45833333
25-03-2025,28.25,24.72083333,Bengaluru,86.54166667
26-03-2025,30.05416667,26.3,Bengaluru,91.75
27-03-2025,40.5875,37.50833333,Bengaluru,106.7916667
28-03-2025,40.94166667,36.3125,Bengaluru,119
29-03-2025,46.60416667,39.07083333,Bengaluru,119.7916667
30-03-2025,45.28333333,38.02083333,Bengaluru,129.6666667
31-03-2025,47.075,39.42083333,Bengaluru,120.4583333
01-04-2025,48.24583333,41.975,Bengaluru,119.9166667
02-04-2025,45.66666667,40.32916667,Bengaluru,120.5
03-04-2025,31.8625,29.99166667,Bengaluru,93.29166667
04-04-2025,22.30416667,21.67916667,Bengaluru,87.91666667
05-04-2025,17.675,17.1625,Bengaluru,62.5
06-04-2025,25.52916667,24.85,Bengaluru,80.20833333
07-04-2025,28.35,25.25416667,Bengaluru,81.91666667
08-04-2025,29.12916667,23.9625,Bengaluru,86.45833333
09-04-2025,32.14166667,26.22083333,Bengaluru,90.08333333
10-04-2025,46.64583333,37.99166667,Bengaluru,106.4583333
11-04-2025,36.99166667,30.30416667,Bengaluru,111.7083333
12-04-2025,41.45833333,33.8875,Bengaluru,109.7083333
13-04-2025,52.825,41.42083333,Bengaluru,117.2916667
14-04-2025,61.775,44.6125,Bengaluru,127.5416667
15-04-2025,78.1875,55.33333333,Bengaluru,147
16-04-2025,51.6875,39.6125,Bengaluru,134.9166667
17-04-2025,65.72083333,50.47083333,Bengaluru,143.2916667
18-04-2025,59.2875,48.5375,Bengaluru,144.7916667
19-04-2025,58.40833333,46.27916667,Bengaluru,134.5833333
20-04-2025,55.57916667,42.04166667,Bengaluru,131.5416667
21-04-2025,57.22083333,41.35,Bengaluru,127.0416667
22-04-2025,47.125,30.82083333,Bengaluru,104.9166667
23-04-2025,40.61666667,29.43333333,Bengaluru,103.25
24-04-2025,33.58333333,28.51666667,Bengaluru,109.625
25-04-2025,32.94583333,29.8125,Bengaluru,103.0416667
26-04-2025,34.21666667,30.87083333,Bengaluru,105.125
27-04-2025,26.125,23.75416667,Bengaluru,89.45833333
28-04-2025,26.19583333,24.74583333,Bengaluru,86.41666667
29-04-2025,24.875,22.54166667,Bengaluru,87.04166667
30-04-2025,46.13333333,38.17083333,Bengaluru,102.0416667
01-05-2025,59.72083333,46.97083333,Bengaluru,140.5416667
02-05-2025,69.6375,53.7875,Bengaluru,155.5833333
03-05-2025,66.01666667,52.4,Bengaluru,151.875
04-05-2025,34.70833333,29.23333333,Bengaluru,116
05-05-2025,34.30833333,29.37083333,Bengaluru,102.0833333
06-05-2025,37.8125,31.38333333,Bengaluru,100.2916667
07-05-2025,43.47083333,28.6625,Bengaluru,91.58333333
08-05-2025,29.39583333,21.80416667,Bengaluru,88.29166667
09-05-2025,42.16666667,30.3125,Bengaluru,81.54166667
10-05-2025,40.21666667,30.15833333,Bengaluru,97.08333333
11-05-2025,51.07083333,38.6,Bengaluru,102.3333333
12-05-2025,27.7875,21.71666667,Bengaluru,92.45833333
13-05-2025,18.34166667,16.4625,Bengaluru,67.91666667
14-05-2025,23.5875,21.92916667,Bengaluru,79.54166667
15-05-2025,30.04166667,28.80416667,Bengaluru,102.5416667
16-05-2025,30.66666667,29.69583333,Bengaluru,93.33333333
17-05-2025,20.75833333,18.82916667,Bengaluru,73.04166667
18-05-2025,21.5375,20.30416667,Bengaluru,63.29166667
19-05-2025,18.10833333,17.39166667,Bengaluru,65.70833333
20-05-2025,7.883333333,7.741666667,Bengaluru,53
21-05-2025,8.483333333,5.908333333,Bengaluru,30.41666667
22-05-2025,30.6125,13.73333333,Bengaluru,39.70833333
23-05-2025,18.67083333,8.7125,Bengaluru,52.08333333
24-05-2025,3.8625,3.270833333,Bengaluru,25.75
25-05-2025,2.7875,2.620833333,Bengaluru,23.75
26-05-2025,3.3625,3.245833333,Bengaluru,23.16666667
27-05-2025,4.808333333,3.895833333,Bengaluru,25.91666667
28-05-2025,3.541666667,3.125,Bengaluru,25
29-05-2025,4.4,4.1875,Bengaluru,23.95833333
30-05-2025,12.15416667,7.633333333,Bengaluru,24.70833333
31-05-2025,26.60833333,11.29166667,Bengaluru,37.5
01-06-2025,23.4375,11.67083333,Bengaluru,49.70833333
02-06-2025,15.6375,9.045833333,Bengaluru,43.375
03-06-2025,8.8,6.270833333,Bengaluru,34.08333333
04-06-2025,26.12083333,12.88333333,Bengaluru,36.70833333
05-06-2025,51.8625,22.3625,Bengaluru,60
06-06-2025,65.84583333,28.94166667,Bengaluru,79.33333333
07-06-2025,46.82916667,21.41666667,Bengaluru,82.16666667
08-06-2025,29.91666667,16.42916667,Bengaluru,62.95833333
09-06-2025,13.50416667,10.3,Bengaluru,53.83333333
10-06-2025,27.67916667,16.0875,Bengaluru,48.29166667
11-06-2025,21.08333333,12.97916667,Bengaluru,57.54166667
12-06-2025,6.825,5.891666667,Bengaluru,41.20833333
13-06-2025,5.6625,4.970833333,Bengaluru,29
14-06-2025,3.9,3.645833333,Bengaluru,26.625
15-06-2025,3.158333333,3.066666667,Bengaluru,20.91666667
16-06-2025,3.525,3.220833333,Bengaluru,24.75
17-06-2025,5.291666667,3.933333333,Bengaluru,27.95833333
18-06-2025,7.0875,4.975,Bengaluru,24.75
19-06-2025,11.74583333,6.645833333,Bengaluru,25.33333333
20-06-2025,13.23333333,7.7125,Bengaluru,31.375
21-06-2025,10.99166667,6.945833333,Bengaluru,31.25
22-06-2025,10.1375,6.533333333,Bengaluru,29.33333333
23-06-2025,5.641666667,4.179166667,Bengaluru,23.54166667
24-06-2025,7.475,4.5375,Bengaluru,20.79166667
25-06-2025,9.154166667,4.929166667,Bengaluru,20.66666667
26-06-2025,9.141666667,5.108333333,Bengaluru,22.41666667
27-06-2025,14.6125,6.8,Bengaluru,25.41666667
28-06-2025,12.94166667,6.975,Bengaluru,27.54166667
29-06-2025,19.0375,7.9,Bengaluru,30.45833333
30-06-2025,12.98333333,6.833333333,Bengaluru,34.41666667
01-07-2025,11.76666667,6.804166667,Bengaluru,26.79166667
02-07-2025,7.8125,4.941666667,Bengaluru,26
03-07-2025,5.7,4.225,Bengaluru,20.625
04-07-2025,9.958333333,5.679166667,Bengaluru,22.125
05-07-2025,6.429166667,3.891666667,Bengaluru,23.54166667
06-07-2025,7.066666667,4.141666667,Bengaluru,23.45833333
07-07-2025,13.47916667,5.854166667,Bengaluru,23.875
08-07-2025,15.97083333,7.141666667,Bengaluru,26.58333333
09-07-2025,12.9125,6.629166667,Bengaluru,30.125
10-07-2025,13.075,7.154166667,Bengaluru,27.41666667
11-07-2025,11.67916667,7.045833333,Bengaluru,32.04166667
12-07-2025,7.166666667,5.904166667,Bengaluru,25.5
13-07-2025,9.708333333,6.095833333,Bengaluru,26.29166667
14-07-2025,7.833333333,5,Bengaluru,25.08333333
15-07-2025,4.375,3.525,Bengaluru,22.08333333
16-07-2025,9.445833333,6.116666667,Bengaluru,19.875
17-07-2025,5.629166667,4.791666667,Bengaluru,23.375
18-07-2025,8.1875,5.895833333,Bengaluru,22.875
19-07-2025,8.020833333,5.404166667,Bengaluru,24.125
20-07-2025,5.65,4.591666667,Bengaluru,22.58333333
21-07-2025,5.45,5.0375,Bengaluru,21.75
22-07-2025,5.175,4.2625,Bengaluru,23.54166667
23-07-2025,3.591666667,3.333333333,Bengaluru,22.08333333
24-07-2025,3.4125,3.079166667,Bengaluru,21.83333333
25-07-2025,5.666666667,3.6375,Bengaluru,21.25
26-07-2025,9.895833333,5.766666667,Bengaluru,23.5
27-07-2025,11.01666667,6.458333333,Bengaluru,24.08333333
28-07-2025,12.6875,7.0375,Bengaluru,29
29-07-2025,9.325,5.829166667,Bengaluru,29.5
30-07-2025,13.36666667,6.766666667,Bengaluru,23.79166667
31-07-2025,17.7,9.420833333,Bengaluru,32.625
01-08-2025,22.79583333,11.77916667,Bengaluru,45.625
02-08-2025,23.18333333,13.10416667,Bengaluru,51.54166667
03-08-2025,20.60416667,16.95833333,Bengaluru,49.83333333
04-08-2025,22.55,18.9,Bengaluru,63.41666667
05-08-2025,20.62916667,16.78333333,Bengaluru,70.08333333
06-08-2025,6.975,6.741666667,Bengaluru,41.58333333
07-08-2025,9.1625,8.908333333,Bengaluru,35.875
08-08-2025,13.72083333,13.01666667,Bengaluru,39.91666667
09-08-2025,15.44583333,13.7625,Bengaluru,55.95833333
10-08-2025,15.36666667,11.85,Bengaluru,50.91666667
11-08-2025,13.3125,10.15833333,Bengaluru,47.5
12-08-2025,10.20416667,8.008333333,Bengaluru,35.58333333
13-08-2025,5.741666667,5.354166667,Bengaluru,28.95833333
14-08-2025,4.775,4.458333333,Bengaluru,22.91666667
15-08-2025,5.083333333,4.233333333,Bengaluru,21.125
16-08-2025,8.083333333,5.170833333,Bengaluru,19.5
17-08-2025,5.008333333,4.091666667,Bengaluru,21.54166667
18-08-2025,6.095833333,4.479166667,Bengaluru,19.125
19-08-2025,7.845833333,6.266666667,Bengaluru,25.125
20-08-2025,13.23333333,8.945833333,Bengaluru,30
21-08-2025,20.84166667,13.2125,Bengaluru,42.45833333
22-08-2025,23.57083333,16.52083333,Bengaluru,57.70833333
23-08-2025,24.1625,15.98333333,Bengaluru,61.45833333
24-08-2025,17.77916667,11.82083333,Bengaluru,51.66666667
25-08-2025,16.42916667,14.95,Bengaluru,52.08333333
26-08-2025,10.92916667,9.925,Bengaluru,54.79166667
27-08-2025,4.254166667,3.991666667,Bengaluru,25.625
28-08-2025,4.125,3.891666667,Bengaluru,18.79166667
29-08-2025,4.7625,4.0875,Bengaluru,19.83333333
30-08-2025,9.295833333,6.1,Bengaluru,22.16666667
31-08-2025,8.245833333,5.891666667,Bengaluru,25.29166667
01-09-2025,9.825,6.416666667,Bengaluru,26.66666667
02-09-2025,9.9625,6.15,Bengaluru,27.125
03-09-2025,8.845833333,5.891666667,Bengaluru,25.41666667
04-09-2025,6.8375,5.145833333,Bengaluru,25.33333333
05-09-2025,11.825,8.258333333,Bengaluru,25.95833333
06-09-2025,10.99583333,9.025,Bengaluru,37.33333333
07-09-2025,12.52916667,10.425,Bengaluru,42.79166667
08-09-2025,20.875,15.71666667,Bengaluru,47.54166667
09-09-2025,30.39583333,24.325,Bengaluru,64.625
10-09-2025,27.6375,22.8125,Bengaluru,82.875
11-09-2025,21.2125,14.9,Bengaluru,58.875
12-09-2025,30.4125,23.52083333,Bengaluru,64.29166667
13-09-2025,23.3625,18.7375,Bengaluru,74.91666667
14-09-2025,12.49166667,10.49583333,Bengaluru,52.33333333
15-09-2025,14.1375,11.19166667,Bengaluru,46.33333333
16-09-2025,13.12083333,11.12083333,Bengaluru,48.125
17-09-2025,9.016666667,8.470833333,Bengaluru,36.70833333
18-09-2025,8.7375,7.954166667,Bengaluru,35.375
19-09-2025,19.45833333,14.2625,Bengaluru,45.91666667
20-09-2025,18.40416667,11.3875,Bengaluru,51.25
21-09-2025,22.99583333,12.60833333,Bengaluru,50.29166667
22-09-2025,10.58333333,8.579166667,Bengaluru,43.95833333
23-09-2025,6.583333333,5.979166667,Bengaluru,29.33333333
24-09-2025,14.8375,10.33333333,Bengaluru,33.91666667
25-09-2025,7.570833333,6.520833333,Bengaluru,37.70833333
26-09-2025,9.8,7.295833333,Bengaluru,26.58333333
27-09-2025,4.825,4.008333333,Bengaluru,25.625
28-09-2025,4.625,3.7875,Bengaluru,22.04166667
29-09-2025,10.6375,6.708333333,Bengaluru,22.91666667
30-09-2025,16.875,10.43333333,Bengaluru,37.04166667
01-10-2025,12.22916667,9.233333333,Bengaluru,42.5
02-10-2025,10.91666667,8.508333333,Bengaluru,33
03-10-2025,11.9375,10.05,Bengaluru,40.08333333
04-10-2025,19.88333333,17.8625,Bengaluru,51.75
05-10-2025,17.67916667,14.17083333,Bengaluru,62.70833333
06-10-2025,34.14166667,25.8875,Bengaluru,54.66666667
07-10-2025,48.47916667,35.93333333,Bengaluru,101.2083333
08-10-2025,49.725,39.95416667,Bengaluru,105.75
09-10-2025,36.7,31.1625,Bengaluru,101.7083333
10-10-2025,18.90416667,18.4,Bengaluru,78.70833333
11-10-2025,26.1625,24.57916667,Bengaluru,64.70833333
12-10-2025,45.275,41.56666667,Bengaluru,99.625
13-10-2025,41.56666667,40.025,Bengaluru,118.375
14-10-2025,22.9125,22.42916667,Bengaluru,87.5
15-10-2025,11.2,10.91666667,Bengaluru,63.125
16-10-2025,8.05,7.775,Bengaluru,33.54166667
17-10-2025,6.979166667,6.9125,Bengaluru,30.20833333
18-10-2025,8.945833333,8.820833333,Bengaluru,29.70833333
19-10-2025,10.925,10.8375,Bengaluru,43.29166667
20-10-2025,9.958333333,9.829166667,Bengaluru,43.20833333
21-10-2025,8.145833333,7.8375,Bengaluru,36.58333333
22-10-2025,4.879166667,4.825,Bengaluru,27.79166667
23-10-2025,12.03333333,11.7,Bengaluru,27.83333333
24-10-2025,15.70416667,14.69583333,Bengaluru,58.04166667
25-10-2025,12.09166667,10.69166667,Bengaluru,48.29166667
26-10-2025,23.3375,20.80416667,Bengaluru,56.875
27-10-2025,13.99583333,12.67083333,Bengaluru,66.04166667
28-10-2025,7.645833333,7.379166667,Bengaluru,33.875
29-10-2025,8.420833333,7.975,Bengaluru,30.75
30-10-2025,15.275,13.64583333,Bengaluru,44.58333333
31-10-2025,24.225,19.20416667,Bengaluru,60.04166667
01-11-2025,28.55416667,25.375,Bengaluru,68.91666667
02-11-2025,31.5625,30.2875,Bengaluru,79.79166667
03-11-2025,43.17083333,41.61666667,Bengaluru,113.0833333
04-11-2025,23.15,22.3125,Bengaluru,94.04166667
05-11-2025,17.36666667,17.075,Bengaluru,60.33333333
06-11-2025,25.12916667,24.82083333,Bengaluru,72.54166667
07-11-2025,33.85,33.41666667,Bengaluru,82.04166667
08-11-2025,40.47083333,39.79166667,Bengaluru,109.5416667
09-11-2025,26.70833333,26.075,Bengaluru,87.375
10-11-2025,39.43333333,38.72916667,Bengaluru,102.2916667
11-11-2025,41.58333333,40.825,Bengaluru,111.0416667
12-11-2025,41.50833333,40.57916667,Bengaluru,113.7916667
13-11-2025,36.88333333,36.0875,Bengaluru,106.4166667
14-11-2025,38.79166667,37.93333333,Bengaluru,97.70833333
15-11-2025,40.89166667,39.06666667,Bengaluru,115.7083333
16-11-2025,47.79583333,44.93333333,Bengaluru,116.5416667
17-11-2025,39.65416667,38.45416667,Bengaluru,114.0416667
18-11-2025,25.14166667,24.675,Bengaluru,97.45833333
19-11-2025,17.97916667,17.19166667,Bengaluru,61.04166667
20-11-2025,31.75833333,31.175,Bengaluru,80.33333333
21-11-2025,12.5125,12.14166667,Bengaluru,74.375
22-11-2025,6.854166667,6.545833333,Bengaluru,32.29166667
23-11-2025,7.291666667,7.016666667,Bengaluru,30.875
24-11-2025,9.970833333,9.4875,Bengaluru,28.45833333
25-11-2025,33.44583333,32.12083333,Bengaluru,68.875
26-11-2025,40.4125,38.99583333,Bengaluru,102.9166667
27-11-2025,48.17916667,46.5625,Bengaluru,118.0416667
28-11-2025,51.67916667,50.50416667,Bengaluru,131.2916667
29-11-2025,37.63333333,36.575,Bengaluru,127.125
30-11-2025,11.27916667,11.15416667,Bengaluru,70.41666667
01-12-2025,12.525,12.45,Bengaluru,45.79166667
02-12-2025,13.98333333,13.90416667,Bengaluru,53.75
03-12-2025,7.35,7.320833333,Bengaluru,44.375
04-12-2025,7.65,7.570833333,Bengaluru,32.25
05-12-2025,22.97083333,22.58333333,Bengaluru,45.08333333
06-12-2025,46.975,46.18333333,Bengaluru,108.4583333
07-12-2025,40.7375,39.55833333,Bengaluru,119.125
08-12-2025,42.8875,42.32083333,Bengaluru,114.5833333
09-12-2025,34.77083333,33.85416667,Bengaluru,109
10-12-2025,35.225,33.79583333,Bengaluru,91.20833333
11-12-2025,46.83333333,44.9875,Bengaluru,112.2916667
12-12-2025,47.93333333,46.6125,Bengaluru,124.75
13-12-2025,39.34166667,37.37916667,Bengaluru,123.8333333
14-12-2025,31.80416667,30.17083333,Bengaluru,89.58333333
15-12-2025,37.4875,34.9375,Bengaluru,97.375
16-12-2025,28.44583333,26.77083333,Bengaluru,91.79166667
17-12-2025,14.25833333,13.3625,Bengaluru,62.70833333
18-12-2025,37.35833333,35.25,Bengaluru,72.04166667
19-12-2025,56.50416667,54.31666667,Bengaluru,127.2083333
20-12-2025,64.6375,62.46666667,Bengaluru,152.2083333
21-12-2025,58.17916667,55.65833333,Bengaluru,151.0416667
22-12-2025,43.85,40.64583333,Bengaluru,139.3333333
23-12-2025,41.21666667,39.475,Bengaluru,104.8333333
24-12-2025,48.6,46.9375,Bengaluru,117.25
25-12-2025,39.8375,38.16666667,Bengaluru,128.1666667
26-12-2025,29.0875,28.15416667,Bengaluru,86.79166667
27-12-2025,41.3375,39.82083333,Bengaluru,102.9166667
28-12-2025,36.84166667,35.48333333,Bengaluru,101.25
29-12-2025,43.7,42.28333333,Bengaluru,107.2083333
30-12-2025,48.11666667,46.82916667,Bengaluru,126.6666667
31-12-2025,52.26666667,51.025,Bengaluru,130.1666667
01-01-2026,54.46666667,53.30833333,Bengaluru,138.3333333
02-01-2026,54.31666667,53.01666667,Bengaluru,147.1666667
03-01-2026,50.5625,49.6375,Bengaluru,141.1666667
04-01-2026,42.91666667,41.52083333,Bengaluru,124.0833333
05-01-2026,40.14166667,38.52083333,Bengaluru,110.125
06-01-2026,56.47916667,54.9875,Bengaluru,128.75
07-01-2026,37.81666667,36.20833333,Bengaluru,130.875
08-01-2026,31.69583333,30.04166667,Bengaluru,95.04166667
09-01-2026,28.65833333,27.20416667,Bengaluru,83.08333333
10-01-2026,35.7125,34.32083333,Bengaluru,87.5
11-01-2026,17.8375,17.5375,Bengaluru,86.41666667
12-01-2026,15.70833333,15.29583333,Bengaluru,52.16666667
13-01-2026,22.27083333,21.44583333,Bengaluru,65.08333333
14-01-2026,26.25,25.63333333,Bengaluru,80.33333333
15-01-2026,25.83333333,25.4,Bengaluru,74.04166667
16-01-2026,50.12083333,48.91666667,Bengaluru,104.2083333
17-01-2026,49.26666667,46.72083333,Bengaluru,139.75
18-01-2026,33.25833333,32.4625,Bengaluru,108.6666667
19-01-2026,38.76666667,38.075,Bengaluru,104.25
20-01-2026,31.87083333,31.10416667,Bengaluru,101.9166667
21-01-2026,29.62083333,28.89166667,Bengaluru,87.125
22-01-2026,22.05,20.75416667,Bengaluru,75.875
23-01-2026,29.95833333,28.84583333,Bengaluru,79
24-01-2026,29.49583333,28.94166667,Bengaluru,89.33333333
25-01-2026,19.64583333,18.9125,Bengaluru,73.70833333
26-01-2026,17.54166667,16.92083333,Bengaluru,60.33333333
27-01-2026,28.61666667,27.2625,Bengaluru,67.20833333
28-01-2026,45.6375,43.05833333,Bengaluru,106
29-01-2026,49.5125,47.2875,Bengaluru,121.375
30-01-2026,45.7625,43.01666667,Bengaluru,132.5416667
31-01-2026,24.37916667,22.29583333,Bengaluru,93.58333333
01-02-2026,30.89166667,29.43333333,Bengaluru,70
02-02-2026,48.6,46.77916667,Bengaluru,114.75
03-02-2026,52.36666667,50.68333333,Bengaluru,142.0833333
04-02-2026,15.67083333,14.8875,Bengaluru,87.66666667
05-02-2026,14.3375,13.65416667,Bengaluru,56.20833333
06-02-2026,18.05,17.35833333,Bengaluru,53.95833333
07-02-2026,23.56666667,22.9125,Bengaluru,67.83333333
08-02-2026,45.3375,44.55416667,Bengaluru,102.8333333
09-02-2026,50.29166667,49.40833333,Bengaluru,134.9166667
10-02-2026,42.55416667,41.37083333,Bengaluru,127.0416667
11-02-2026,35.58333333,33.54583333,Bengaluru,105.9583333
12-02-2026,22.68333333,20.74583333,Bengaluru,80.79166667
13-02-2026,15.53333333,14.84166667,Bengaluru,61.375
14-02-2026,18.49166667,18.09166667,Bengaluru,60
15-02-2026,38.1875,37.225,Bengaluru,91.45833333
16-02-2026,46.5875,45.42083333,Bengaluru,118.3333333
17-02-2026,38.275,37.44166667,Bengaluru,123.6666667
18-02-2026,22.19166667,21.37083333,Bengaluru,86.83333333
19-02-2026,22.19166667,21.37083333,Bengaluru,104.338196
20-02-2026,22.19166667,21.37083333,Bengaluru,124.58995
21-02-2026,22.19166667,21.37083333,Bengaluru,91.94856
22-02-2026,22.19166667,21.37083333,Bengaluru,100.02853
23-02-2026,22.19166667,21.37083333,Bengaluru,121.48604
24-02-2026,22.19166667,21.37083333,Bengaluru,100.45767
25-02-2026,22.19166667,21.37083333,Bengaluru,100.58416
26-02-2026,22.19166667,21.37083333,Bengaluru,120.09745
27-02-2026,22.19166667,21.37083333,Bengaluru,108.686226
28-02-2026,22.19166667,21.37083333,Bengaluru,102.03396
01-03-2026,22.19166667,21.37083333,Bengaluru,116.683235
